VAEQE,0
RPF,0
IAEQE,0
YPFPGPIPNS,0
RGPPGGGFF,0
IP,0
LPF,0
IA,0
KPF,0
TPF,0
QPF,0
TAEQE,0
IE,0
GPPGGFF,0
LAEQE,0
RGPPGGFF,0
AAEQE,0
IDEE,0
QE,0
VAEQ,0
VL,0
RDPQP,0
KGPPGGFF,0
VE,0
IW,0
IYPFPGPIPNS,0
QGPPGGFF,0
LAE,0
RP,0
DAESQ,0
QGLGGAG,0
TAEQ,0
GDGFLV,0
TGPPGGFF,0
IGPA,0
RDPQYL,0
FEPFWGF,0
QDPDTNEWH,0
MTGMSKTGNCRIGFNILLGQ,0
GGLGG,0
LP,0
SALPQE,0
EL,0
GFL,0
EDEN,0
PD,0
RAPF,0
PAE,0
LGL,0
GL,0
VPL,0
VAEQD,0
VGE,0
SPF,0
IGE,0
VV,0
ALEQ,0
LD,0
ID,0
FE,0
TEEQ,0
IQ,0
LPL,0
AAE,0
PL,0
GPW,0
RK,0
IL,0
AEE,0
QDRPHSGFL,0
GE,0
FEE,0
LA,0
HPF,0
GAL,0
TDEE,0
AAL,0
PPF,0
GPAFI,0
IDE,0
PAEG,0
TE,0
EVE,0
DAE,0
FGG,0
FGPPP,0
VEH,0
LEE,0
LQ,0
RG,0
VDEF,0
GPL,0
YL,0
RE,0
PA,0
YGLP,0
LDL,0
IV,0
WGG,0
FPFPGPIPNS,0
EPF,0
CAEQ,0
LE,0
LEL,0
PE,0
ADEE,0
AL,0
LAEQ,0
EDE,0
IDEV,0
VAG,0
YPFPGPIPN,0
RDG,0
RGPPGGFV,0
VC,0
RDPAPPF,0
YNFPGA,0
RGPPSFL,0
GPPFHL,0
IDPDETIGG,0
NPAAMNPF,0
MGVKHLFFPGAPFTNS,0
IAEQ,0
VAGL,0
YPFPGPIP,0
WPFPGPIPNS,0
TDEQ,0
SALPQ,0
FL,0
IF,0
NAL,0
YPFPGPVPNS,0
LGFPH,0
KD,0
TDEQE,0
LADVE,0
LGPPP,0
RQPF,0
LPW,0
VVEQ,0
IAEQD,0
WPF,0
KALPL,0
IDEM,0
IDEG,0
KDPVPGPFF,0
KLKQA,0
IDFEQK,0
KEVPQLPPPQQQ,0
VA,0
LGGGG,0
KALPQ,0
RPY,0
KAP,0
DAEG,0
FKEPA,0
PDEA,0
KLP,0
NALPQE,0
VADQE,0
VDEE,0
QALPQE,0
SGLGG,0
GPA,0
IDEQ,0
LYPFPGPIPNS,0
IGG,0
RPL,0
IGEG,0
KI,0
YYPFPGPIPNS,0
KH,0
CW,0
QDPR,0
KDNEHPMA,0
HVVVP,0
HNIPTERG,0
NW,0
QDNPHPGPS,0
SPPF,0
VP,0
WGLP,0
DEE,0
TEV,0
RDAV,0
RDEEL,0
KDLPPGF,0
SDPHSGH,0
GDLHNVP,0
IPL,0
HED,0
IPF,0
LPPTD,0
TPLPGGH,0
EGGLGG,0
NPQTQPF,0
PAEQ,0
AE,0
KEEFPGA,0
RGPPGGFI,0
IS,0
FGEPGA,0
TEI,0
HAEQE,0
PDEEGNPL,0
GDFF,0
PGPFH,0
TVEQE,0
RGPPFFIV,0
HALPQE,0
SEE,0
YDQSVPLA,0
AAEQ,0
TLPQVF,0
APF,0
LGAA,0
GPPG,0
IAQQ,0
